[{"password":"parolaAna","games":[1],"email":"ana@example.com","points":-30},{"password":"parolaMihai","games":[4],"email":"mihai@example.com","points":-75},{"password":"parolaIoana","games":[5],"email":"ioana@example.com","points":300},{"password":"parolaGeorge","games":[6],"email":"george@example.com","points":75},{"password":"parolaAndrei","games":[7,8],"email":"andrei@example.com","points":10},{"password":"parolaElena","games":[9],"email":"elena@example.com","points":0},{"password":"parolaRoxana","games":[10,11],"email":"roxana@example.com","points":210},{"password":"parolaVlad","games":[12],"email":"vlad@example.com","points":15}]