[{"players":[{"color":"WHITE","email":"ana@example.com"},{"color":"BLACK","email":"computer"}],"moves":[],"id":1,"currentPlayerColor":"WHITE","board":[{"color":"WHITE","position":"A1","type":"R"},{"color":"WHITE","position":"B1","type":"N"},{"color":"WHITE","position":"C1","type":"B"},{"color":"WHITE","position":"D1","type":"Q"},{"color":"WHITE","position":"E1","type":"K"},{"color":"WHITE","position":"F1","type":"B"},{"color":"WHITE","position":"G1","type":"N"},{"color":"WHITE","position":"H1","type":"R"},{"color":"WHITE","position":"A2","type":"P"},{"color":"WHITE","position":"B2","type":"P"},{"color":"WHITE","position":"C2","type":"P"},{"color":"WHITE","position":"D2","type":"P"},{"color":"WHITE","position":"E2","type":"P"},{"color":"WHITE","position":"F2","type":"P"},{"color":"WHITE","position":"G2","type":"P"},{"color":"WHITE","position":"H2","type":"P"},{"color":"BLACK","position":"A7","type":"P"},{"color":"BLACK","position":"B7","type":"P"},{"color":"BLACK","position":"C7","type":"P"},{"color":"BLACK","position":"D7","type":"P"},{"color":"BLACK","position":"E7","type":"P"},{"color":"BLACK","position":"F7","type":"P"},{"color":"BLACK","position":"G7","type":"P"},{"color":"BLACK","position":"H7","type":"P"},{"color":"BLACK","position":"A8","type":"R"},{"color":"BLACK","position":"B8","type":"N"},{"color":"BLACK","position":"C8","type":"B"},{"color":"BLACK","position":"D8","type":"Q"},{"color":"BLACK","position":"E8","type":"K"},{"color":"BLACK","position":"F8","type":"B"},{"color":"BLACK","position":"G8","type":"N"},{"color":"BLACK","position":"H8","type":"R"}]},{"players":[{"color":"WHITE","email":"mihai@example.com"},{"color":"BLACK","email":"computer"}],"moves":[],"id":4,"currentPlayerColor":"BLACK","board":[{"color":"WHITE","position":"A1","type":"R"},{"color":"WHITE","position":"B1","type":"N"},{"color":"WHITE","position":"C1","type":"B"},{"color":"WHITE","position":"D1","type":"Q"},{"color":"WHITE","position":"E1","type":"K"},{"color":"WHITE","position":"H1","type":"R"},{"color":"WHITE","position":"A2","type":"P"},{"color":"WHITE","position":"B2","type":"P"},{"color":"WHITE","position":"C2","type":"P"},{"color":"WHITE","position":"D2","type":"P"},{"color":"WHITE","position":"F2","type":"P"},{"color":"WHITE","position":"G2","type":"P"},{"color":"WHITE","position":"H2","type":"P"},{"color":"WHITE","position":"F3","type":"N"},{"color":"WHITE","position":"C4","type":"B"},{"color":"WHITE","position":"E4","type":"P"},{"color":"BLACK","position":"E5","type":"P"},{"color":"BLACK","position":"C6","type":"N"},{"color":"BLACK","position":"F6","type":"N"},{"color":"BLACK","position":"A7","type":"P"},{"color":"BLACK","position":"B7","type":"P"},{"color":"BLACK","position":"C7","type":"P"},{"color":"BLACK","position":"D7","type":"P"},{"color":"BLACK","position":"F7","type":"P"},{"color":"BLACK","position":"G7","type":"P"},{"color":"BLACK","position":"H7","type":"P"},{"color":"BLACK","position":"A8","type":"R"},{"color":"BLACK","position":"C8","type":"B"},{"color":"BLACK","position":"D8","type":"Q"},{"color":"BLACK","position":"E8","type":"K"},{"color":"BLACK","position":"F8","type":"B"},{"color":"BLACK","position":"H8","type":"R"}]},{"players":[{"color":"WHITE","email":"ioana@example.com"},{"color":"BLACK","email":"computer"}],"moves":[],"id":5,"currentPlayerColor":"WHITE","board":[{"color":"WHITE","position":"A1","type":"R"},{"color":"WHITE","position":"B1","type":"N"},{"color":"WHITE","position":"C1","type":"B"},{"color":"WHITE","position":"D1","type":"Q"},{"color":"WHITE","position":"E1","type":"K"},{"color":"WHITE","position":"F1","type":"B"},{"color":"WHITE","position":"G1","type":"N"},{"color":"WHITE","position":"H1","type":"R"},{"color":"WHITE","position":"A2","type":"P"},{"color":"WHITE","position":"B2","type":"P"},{"color":"WHITE","position":"C2","type":"P"},{"color":"WHITE","position":"D2","type":"P"},{"color":"WHITE","position":"E2","type":"P"},{"color":"WHITE","position":"F2","type":"P"},{"color":"WHITE","position":"G2","type":"P"},{"color":"WHITE","position":"H2","type":"P"},{"color":"BLACK","position":"A7","type":"P"},{"color":"BLACK","position":"B7","type":"P"},{"color":"BLACK","position":"C7","type":"P"},{"color":"BLACK","position":"D7","type":"P"},{"color":"BLACK","position":"E7","type":"P"},{"color":"BLACK","position":"F7","type":"P"},{"color":"BLACK","position":"G7","type":"P"},{"color":"BLACK","position":"H7","type":"P"},{"color":"BLACK","position":"A8","type":"R"},{"color":"BLACK","position":"B8","type":"N"},{"color":"BLACK","position":"C8","type":"B"},{"color":"BLACK","position":"D8","type":"Q"},{"color":"BLACK","position":"E8","type":"K"},{"color":"BLACK","position":"F8","type":"B"},{"color":"BLACK","position":"G8","type":"N"},{"color":"BLACK","position":"H8","type":"R"}]},{"players":[{"color":"WHITE","email":"george@example.com"},{"color":"BLACK","email":"computer"}],"moves":[],"id":6,"currentPlayerColor":"BLACK","board":[{"color":"WHITE","position":"A1","type":"R"},{"color":"WHITE","position":"B1","type":"N"},{"color":"WHITE","position":"C1","type":"B"},{"color":"WHITE","position":"D1","type":"Q"},{"color":"WHITE","position":"E1","type":"K"},{"color":"WHITE","position":"F1","type":"B"},{"color":"WHITE","position":"H1","type":"R"},{"color":"WHITE","position":"A2","type":"P"},{"color":"WHITE","position":"B2","type":"P"},{"color":"WHITE","position":"C2","type":"P"},{"color":"WHITE","position":"D2","type":"P"},{"color":"WHITE","position":"F2","type":"P"},{"color":"WHITE","position":"G2","type":"P"},{"color":"WHITE","position":"H2","type":"P"},{"color":"WHITE","position":"E4","type":"P"},{"color":"WHITE","position":"E5","type":"N"},{"color":"BLACK","position":"C6","type":"N"},{"color":"BLACK","position":"A7","type":"P"},{"color":"BLACK","position":"B7","type":"P"},{"color":"BLACK","position":"C7","type":"P"},{"color":"BLACK","position":"D7","type":"P"},{"color":"BLACK","position":"F7","type":"P"},{"color":"BLACK","position":"G7","type":"P"},{"color":"BLACK","position":"H7","type":"P"},{"color":"BLACK","position":"A8","type":"R"},{"color":"BLACK","position":"C8","type":"B"},{"color":"BLACK","position":"D8","type":"Q"},{"color":"BLACK","position":"E8","type":"K"},{"color":"BLACK","position":"F8","type":"B"},{"color":"BLACK","position":"G8","type":"N"},{"color":"BLACK","position":"H8","type":"R"}]},{"players":[{"color":"WHITE","email":"andrei@example.com"},{"color":"BLACK","email":"computer"}],"moves":[],"id":7,"currentPlayerColor":"WHITE","board":[{"color":"WHITE","position":"A1","type":"R"},{"color":"WHITE","position":"B1","type":"N"},{"color":"WHITE","position":"C1","type":"B"},{"color":"WHITE","position":"D1","type":"Q"},{"color":"WHITE","position":"E1","type":"K"},{"color":"WHITE","position":"H1","type":"R"},{"color":"WHITE","position":"A2","type":"P"},{"color":"WHITE","position":"B2","type":"P"},{"color":"WHITE","position":"C2","type":"P"},{"color":"WHITE","position":"D2","type":"P"},{"color":"WHITE","position":"F2","type":"P"},{"color":"WHITE","position":"G2","type":"P"},{"color":"WHITE","position":"H2","type":"P"},{"color":"WHITE","position":"F3","type":"N"},{"color":"WHITE","position":"C4","type":"B"},{"color":"WHITE","position":"E4","type":"P"},{"color":"BLACK","position":"E5","type":"P"},{"color":"BLACK","position":"C6","type":"N"},{"color":"BLACK","position":"F6","type":"N"},{"color":"BLACK","position":"A7","type":"P"},{"color":"BLACK","position":"B7","type":"P"},{"color":"BLACK","position":"C7","type":"P"},{"color":"BLACK","position":"D7","type":"P"},{"color":"BLACK","position":"F7","type":"P"},{"color":"BLACK","position":"G7","type":"P"},{"color":"BLACK","position":"H7","type":"P"},{"color":"BLACK","position":"A8","type":"R"},{"color":"BLACK","position":"C8","type":"B"},{"color":"BLACK","position":"D8","type":"Q"},{"color":"BLACK","position":"E8","type":"K"},{"color":"BLACK","position":"F8","type":"B"},{"color":"BLACK","position":"H8","type":"R"}]},{"players":[{"color":"BLACK","email":"andrei@example.com"},{"color":"WHITE","email":"computer"}],"moves":[],"id":8,"currentPlayerColor":"BLACK","board":[{"color":"WHITE","position":"A1","type":"R"},{"color":"WHITE","position":"B1","type":"N"},{"color":"WHITE","position":"C1","type":"B"},{"color":"WHITE","position":"D1","type":"Q"},{"color":"WHITE","position":"E1","type":"K"},{"color":"WHITE","position":"F1","type":"B"},{"color":"WHITE","position":"H1","type":"R"},{"color":"WHITE","position":"A2","type":"P"},{"color":"WHITE","position":"B2","type":"P"},{"color":"WHITE","position":"C2","type":"P"},{"color":"WHITE","position":"D2","type":"P"},{"color":"WHITE","position":"F2","type":"P"},{"color":"WHITE","position":"G2","type":"P"},{"color":"WHITE","position":"H2","type":"P"},{"color":"WHITE","position":"E4","type":"P"},{"color":"WHITE","position":"E5","type":"N"},{"color":"BLACK","position":"C6","type":"N"},{"color":"BLACK","position":"A7","type":"P"},{"color":"BLACK","position":"B7","type":"P"},{"color":"BLACK","position":"C7","type":"P"},{"color":"BLACK","position":"D7","type":"P"},{"color":"BLACK","position":"F7","type":"P"},{"color":"BLACK","position":"G7","type":"P"},{"color":"BLACK","position":"H7","type":"P"},{"color":"BLACK","position":"A8","type":"R"},{"color":"BLACK","position":"C8","type":"B"},{"color":"BLACK","position":"D8","type":"Q"},{"color":"BLACK","position":"E8","type":"K"},{"color":"BLACK","position":"F8","type":"B"},{"color":"BLACK","position":"G8","type":"N"},{"color":"BLACK","position":"H8","type":"R"}]},{"players":[{"color":"WHITE","email":"elena@example.com"},{"color":"BLACK","email":"computer"}],"moves":[],"id":9,"currentPlayerColor":"WHITE","board":[{"color":"WHITE","position":"A1","type":"R"},{"color":"WHITE","position":"B1","type":"N"},{"color":"WHITE","position":"C1","type":"B"},{"color":"WHITE","position":"D1","type":"Q"},{"color":"WHITE","position":"E1","type":"K"},{"color":"WHITE","position":"F1","type":"B"},{"color":"WHITE","position":"G1","type":"N"},{"color":"WHITE","position":"H1","type":"R"},{"color":"WHITE","position":"A2","type":"P"},{"color":"WHITE","position":"B2","type":"P"},{"color":"WHITE","position":"C2","type":"P"},{"color":"WHITE","position":"D2","type":"P"},{"color":"WHITE","position":"E2","type":"P"},{"color":"WHITE","position":"F2","type":"P"},{"color":"WHITE","position":"G2","type":"P"},{"color":"WHITE","position":"H2","type":"P"},{"color":"BLACK","position":"A7","type":"P"},{"color":"BLACK","position":"B7","type":"P"},{"color":"BLACK","position":"C7","type":"P"},{"color":"BLACK","position":"D7","type":"P"},{"color":"BLACK","position":"E7","type":"P"},{"color":"BLACK","position":"F7","type":"P"},{"color":"BLACK","position":"G7","type":"P"},{"color":"BLACK","position":"H7","type":"P"},{"color":"BLACK","position":"A8","type":"R"},{"color":"BLACK","position":"B8","type":"N"},{"color":"BLACK","position":"C8","type":"B"},{"color":"BLACK","position":"D8","type":"Q"},{"color":"BLACK","position":"E8","type":"K"},{"color":"BLACK","position":"F8","type":"B"},{"color":"BLACK","position":"G8","type":"N"},{"color":"BLACK","position":"H8","type":"R"}]},{"players":[{"color":"WHITE","email":"roxana@example.com"},{"color":"BLACK","email":"computer"}],"moves":[],"id":10,"currentPlayerColor":"BLACK","board":[{"color":"WHITE","position":"A1","type":"R"},{"color":"WHITE","position":"B1","type":"N"},{"color":"WHITE","position":"C1","type":"B"},{"color":"WHITE","position":"D1","type":"Q"},{"color":"WHITE","position":"E1","type":"K"},{"color":"WHITE","position":"H1","type":"R"},{"color":"WHITE","position":"A2","type":"P"},{"color":"WHITE","position":"B2","type":"P"},{"color":"WHITE","position":"C2","type":"P"},{"color":"WHITE","position":"D2","type":"P"},{"color":"WHITE","position":"F2","type":"P"},{"color":"WHITE","position":"G2","type":"P"},{"color":"WHITE","position":"H2","type":"P"},{"color":"WHITE","position":"F3","type":"N"},{"color":"WHITE","position":"C4","type":"B"},{"color":"WHITE","position":"E4","type":"P"},{"color":"BLACK","position":"E5","type":"P"},{"color":"BLACK","position":"C6","type":"N"},{"color":"BLACK","position":"F6","type":"N"},{"color":"BLACK","position":"A7","type":"P"},{"color":"BLACK","position":"B7","type":"P"},{"color":"BLACK","position":"C7","type":"P"},{"color":"BLACK","position":"D7","type":"P"},{"color":"BLACK","position":"F7","type":"P"},{"color":"BLACK","position":"G7","type":"P"},{"color":"BLACK","position":"H7","type":"P"},{"color":"BLACK","position":"A8","type":"R"},{"color":"BLACK","position":"C8","type":"B"},{"color":"BLACK","position":"D8","type":"Q"},{"color":"BLACK","position":"E8","type":"K"},{"color":"BLACK","position":"F8","type":"B"},{"color":"BLACK","position":"H8","type":"R"}]},{"players":[{"color":"BLACK","email":"roxana@example.com"},{"color":"WHITE","email":"computer"}],"moves":[],"id":11,"currentPlayerColor":"WHITE","board":[{"color":"WHITE","position":"A1","type":"R"},{"color":"WHITE","position":"B1","type":"N"},{"color":"WHITE","position":"C1","type":"B"},{"color":"WHITE","position":"D1","type":"Q"},{"color":"WHITE","position":"E1","type":"K"},{"color":"WHITE","position":"F1","type":"B"},{"color":"WHITE","position":"H1","type":"R"},{"color":"WHITE","position":"A2","type":"P"},{"color":"WHITE","position":"B2","type":"P"},{"color":"WHITE","position":"C2","type":"P"},{"color":"WHITE","position":"D2","type":"P"},{"color":"WHITE","position":"F2","type":"P"},{"color":"WHITE","position":"G2","type":"P"},{"color":"WHITE","position":"H2","type":"P"},{"color":"WHITE","position":"E4","type":"P"},{"color":"WHITE","position":"E5","type":"N"},{"color":"BLACK","position":"C6","type":"N"},{"color":"BLACK","position":"A7","type":"P"},{"color":"BLACK","position":"B7","type":"P"},{"color":"BLACK","position":"C7","type":"P"},{"color":"BLACK","position":"D7","type":"P"},{"color":"BLACK","position":"F7","type":"P"},{"color":"BLACK","position":"G7","type":"P"},{"color":"BLACK","position":"H7","type":"P"},{"color":"BLACK","position":"A8","type":"R"},{"color":"BLACK","position":"C8","type":"B"},{"color":"BLACK","position":"D8","type":"Q"},{"color":"BLACK","position":"E8","type":"K"},{"color":"BLACK","position":"F8","type":"B"},{"color":"BLACK","position":"G8","type":"N"},{"color":"BLACK","position":"H8","type":"R"}]},{"players":[{"color":"WHITE","email":"vlad@example.com"},{"color":"BLACK","email":"computer"}],"moves":[],"id":12,"currentPlayerColor":"BLACK","board":[{"color":"WHITE","position":"A1","type":"R"},{"color":"WHITE","position":"B1","type":"N"},{"color":"WHITE","position":"C1","type":"B"},{"color":"WHITE","position":"D1","type":"Q"},{"color":"WHITE","position":"E1","type":"K"},{"color":"WHITE","position":"F1","type":"B"},{"color":"WHITE","position":"G1","type":"N"},{"color":"WHITE","position":"H1","type":"R"},{"color":"WHITE","position":"A2","type":"P"},{"color":"WHITE","position":"B2","type":"P"},{"color":"WHITE","position":"C2","type":"P"},{"color":"WHITE","position":"D2","type":"P"},{"color":"WHITE","position":"E2","type":"P"},{"color":"WHITE","position":"F2","type":"P"},{"color":"WHITE","position":"G2","type":"P"},{"color":"WHITE","position":"H2","type":"P"},{"color":"BLACK","position":"A7","type":"P"},{"color":"BLACK","position":"B7","type":"P"},{"color":"BLACK","position":"C7","type":"P"},{"color":"BLACK","position":"D7","type":"P"},{"color":"BLACK","position":"E7","type":"P"},{"color":"BLACK","position":"F7","type":"P"},{"color":"BLACK","position":"G7","type":"P"},{"color":"BLACK","position":"H7","type":"P"},{"color":"BLACK","position":"A8","type":"R"},{"color":"BLACK","position":"B8","type":"N"},{"color":"BLACK","position":"C8","type":"B"},{"color":"BLACK","position":"D8","type":"Q"},{"color":"BLACK","position":"E8","type":"K"},{"color":"BLACK","position":"F8","type":"B"},{"color":"BLACK","position":"G8","type":"N"},{"color":"BLACK","position":"H8","type":"R"}]}]